x1,x2,x3,x4,x5,x6,x7,x8,x9,x10,x11,label,match_id,turning_point
0,1,0,1,0,0,0.0,7.486,0,1,0.0,0,2023-wimbledon-1101,0
-15,0,0,1,0,0,0.0,9.093,0,1,-1.007331693989071,1,2023-wimbledon-1101,0
0,1,0,1,0,0,0.0,9.013,0,0,0.06591857923497263,1,2023-wimbledon-1101,0
15,1,0,1,0,0,0.0,3.617,0,0,1.1259185792349726,1,2023-wimbledon-1101,0
15,1,0,1,0,0,0.0,34.272,0,1,2.2159185792349723,0,2023-wimbledon-1101,0
10,1,0,1,0,0,0.0,18.006,0,0,2.2568644808743175,1,2023-wimbledon-1101,0
0,1,1,1,0,0,0.0,1.042,1,1,2.9592229508196723,1,2023-wimbledon-1101,0
15,1,1,1,0,0,0.0,39.516,1,0,3.4104316939890715,1,2023-wimbledon-1101,1
30,1,1,1,0,0,0.0,3.275,1,1,4.210361202185792,1,2023-wimbledon-1101,1
40,1,1,1,0,0,0.0,5.8,1,0,7.3308950819672125,1,2023-wimbledon-1101,0
0,1,0,1,0,1,1.0,10.083,0,0,7.162199999999999,1,2023-wimbledon-1101,0
15,1,0,1,0,1,1.0,12.518,0,1,7.641097267759562,0,2023-wimbledon-1101,0
0,1,0,1,0,1,1.0,34.665,0,1,5.168463387978141,0,2023-wimbledon-1101,0
-15,0,0,1,0,1,1.0,2.91,0,0,1.6526677595628418,1,2023-wimbledon-1101,1
0,1,0,1,0,1,1.0,5.739,0,0,-0.004245901639344379,0,2023-wimbledon-1101,0
-10,0,0,1,0,1,1.0,5.198,0,0,-2.1105142076502728,1,2023-wimbledon-1101,0
0,1,0,1,0,1,1.0,17.145,0,1,-0.06780983606557392,0,2023-wimbledon-1101,0
-10,0,0,1,0,1,1.0,47.696,0,1,-0.06664918032786869,1,2023-wimbledon-1101,1
0,1,0,1,0,1,1.0,27.579,0,0,0.9699934426229506,1,2023-wimbledon-1101,0
10,1,0,1,0,1,1.0,28.542,0,0,3.2814868852459016,1,2023-wimbledon-1101,0
0,1,0,1,0,0,1.0,14.247,1,0,6.1342803278688525,0,2023-wimbledon-1101,1
-15,0,0,1,0,0,1.0,23.596,1,1,6.434179234972677,1,2023-wimbledon-1101,0
0,1,0,1,0,0,1.0,6.173,1,1,5.565394535519126,1,2023-wimbledon-1101,1
15,1,0,1,0,0,1.0,44.007,1,1,5.8375158469945365,1,2023-wimbledon-1101,1
25,1,0,1,0,0,1.0,22.65,1,1,3.104179781420765,1,2023-wimbledon-1101,0
0,1,0,0,0,0,1.0,15.511,0,1,8.719840983606558,1,2023-wimbledon-1101,1
15,1,0,0,0,0,1.0,7.26,0,0,9.133663934426227,1,2023-wimbledon-1101,1
30,1,0,0,0,0,1.0,8.425,0,0,9.606211475409836,1,2023-wimbledon-1101,0
40,1,0,0,0,0,1.0,1.423,0,0,9.626754098360655,1,2023-wimbledon-1101,0
0,1,1,1,0,0,0.0,12.904,1,0,10.92168087431694,1,2023-wimbledon-1101,1
15,1,1,1,0,0,0.0,12.39,1,1,11.790140983606557,0,2023-wimbledon-1101,0
0,1,1,1,0,0,0.0,0.531,1,1,9.315975956284154,1,2023-wimbledon-1101,1
15,1,1,1,0,0,0.0,0.63,1,1,7.246620218579234,1,2023-wimbledon-1101,0
25,1,1,1,0,0,0.0,0.929,1,1,2.6173196721311474,1,2023-wimbledon-1101,0
0,1,0,1,0,0,0.0,33.335,0,0,6.818401639344261,1,2023-wimbledon-1101,0
15,1,0,1,0,0,0.0,6.777,0,1,9.96966612021858,1,2023-wimbledon-1101,1
30,1,0,1,0,0,0.0,13.5,0,1,10.444193442622952,0,2023-wimbledon-1101,0
15,1,0,1,0,0,0.0,7.937,0,1,8.412654644808741,0,2023-wimbledon-1101,0
0,1,0,1,0,0,0.0,7.798,0,1,0.30391147540983593,1,2023-wimbledon-1101,0
10,1,0,1,0,0,0.0,15.908,0,0,0.044723497267759565,0,2023-wimbledon-1101,0
0,1,0,1,0,0,0.0,11.722,0,1,-2.042448087431694,1,2023-wimbledon-1101,0
10,1,0,1,0,0,0.0,22.145,0,1,0.05174316939890726,0,2023-wimbledon-1101,1
0,1,0,1,0,0,0.0,6.688,0,1,0.07421202185792357,0,2023-wimbledon-1101,0
-10,0,0,1,0,0,0.0,13.235,0,1,-2.0108,1,2023-wimbledon-1101,1
0,1,0,1,0,0,0.0,50.914,0,0,0.12262950819672121,1,2023-wimbledon-1101,0
10,1,0,1,0,0,0.0,8.277,0,0,1.2803923497267762,1,2023-wimbledon-1101,1
0,1,1,1,0,0,0.0,0.9,1,1,9.204167213114754,1,2023-wimbledon-1101,0
15,1,1,1,0,0,0.0,5.944,1,1,12.112345355191255,1,2023-wimbledon-1101,0
30,1,1,1,0,0,0.0,11.703,1,0,12.937636065573768,0,2023-wimbledon-1101,0
15,1,1,1,0,0,0.0,11.665,1,0,9.753539890710382,1,2023-wimbledon-1101,0
25,1,1,1,0,0,0.0,13.995,1,0,2.528781967213114,1,2023-wimbledon-1101,0
0,1,0,0,0,0,0.0,19.307,0,1,8.17238306010929,1,2023-wimbledon-1101,0
15,1,0,0,0,0,0.0,6.44,0,1,8.27426830601093,0,2023-wimbledon-1101,0
0,1,0,0,0,0,0.0,2.038,0,1,9.000569398907102,0,2023-wimbledon-1101,1
-15,0,0,0,0,0,0.0,1.088,0,1,6.594572131147541,0,2023-wimbledon-1101,1
-25,0,0,0,0,0,0.0,12.38,0,1,-1.901142076502732,0,2023-wimbledon-1101,0
0,1,0,1,0,0,0.0,51.98,1,0,2.118652459016393,1,2023-wimbledon-1101,1
15,1,0,1,0,0,0.0,17.704,1,1,4.646827322404372,1,2023-wimbledon-1101,1
30,1,0,1,0,0,0.0,23.2,1,0,7.029856284153007,1,2023-wimbledon-1101,0
40,1,0,1,0,0,0.0,3.993,1,0,9.505596174863387,1,2023-wimbledon-1101,0
0,1,0,1,0,0,0.0,28.293,0,1,6.082071038251365,1,2023-wimbledon-1101,1
15,1,0,1,0,0,0.0,6.954,0,1,6.442717486338798,0,2023-wimbledon-1101,0
0,1,0,1,0,0,0.0,8.76,0,0,4.344379781420766,1,2023-wimbledon-1101,0
15,1,0,1,0,0,0.0,3.644,0,0,3.129486338797814,1,2023-wimbledon-1101,0
25,1,0,1,0,0,0.0,8.028,0,0,2.334611475409836,1,2023-wimbledon-1101,0
0,1,1,1,0,1,0.0,1.017,1,0,4.046625683060109,1,2023-wimbledon-1101,1
15,1,1,1,0,1,0.0,25.625,1,1,6.9553792349726775,1,2023-wimbledon-1101,0
30,1,1,1,0,1,0.0,3.538,1,1,7.99229344262295,1,2023-wimbledon-1101,1
40,1,1,1,0,1,0.0,12.775,1,0,8.87670819672131,0,2023-wimbledon-1101,0
25,1,1,1,0,1,0.0,15.018,1,1,4.0500207650273214,1,2023-wimbledon-1101,0
0,1,0,0,0,0,0.0,31.032,0,1,4.323833879781421,0,2023-wimbledon-1101,1
-15,0,0,0,0,0,0.0,4.561,0,1,1.9168857923497271,0,2023-wimbledon-1101,1
-30,0,0,0,0,0,0.0,29.901,0,1,-0.15179453551912542,1,2023-wimbledon-1101,0
-15,0,0,0,0,0,0.0,17.567,0,1,2.549275409836066,1,2023-wimbledon-1101,0
0,1,0,0,0,0,0.0,0.714,0,1,0.14961639344262317,0,2023-wimbledon-1101,0
-10,0,0,0,0,0,0.0,5.745,0,1,0.34895683060109295,0,2023-wimbledon-1101,0
0,1,0,1,0,0,1.0,3.314,1,1,2.4676202185792353,1,2023-wimbledon-1101,0
15,1,0,1,0,0,1.0,6.507,1,1,2.4534327868852457,1,2023-wimbledon-1101,1
30,1,0,1,0,0,1.0,34.542,1,0,2.6155573770491802,1,2023-wimbledon-1101,1
40,1,0,1,0,0,1.0,13.633,1,1,5.253825136612021,1,2023-wimbledon-1101,0
0,1,0,0,0,0,0.0,37.589,0,1,6.1260306010928955,0,2023-wimbledon-1101,1
-15,0,0,0,0,0,0.0,10.522,0,1,4.083622950819673,1,2023-wimbledon-1101,1
0,1,0,0,0,0,0.0,6.42,0,1,3.4058961748633876,0,2023-wimbledon-1101,0
-15,0,0,0,0,0,0.0,6.755,0,0,1.0225114754098361,1,2023-wimbledon-1101,0
0,1,0,0,0,0,0.0,28.824,0,1,-0.09851256830601082,0,2023-wimbledon-1101,0
-10,0,0,0,0,0,0.0,5.645,0,0,-0.018351366120218537,0,2023-wimbledon-1101,0
0,1,0,1,0,0,0.0,18.159,1,0,-1.504063387978142,0,2023-wimbledon-1101,0
-15,0,0,1,0,0,0.0,17.255,1,1,-1.7750409836065573,1,2023-wimbledon-1101,0
0,1,0,1,0,0,0.0,22.497,1,0,-1.4295169398907102,1,2023-wimbledon-1101,1
15,1,0,1,0,0,0.0,0.844,1,1,1.0870677595628415,1,2023-wimbledon-1101,1
25,1,0,1,0,0,0.0,4.995,1,0,2.7837202185792345,1,2023-wimbledon-1101,0
0,1,0,0,0,1,0.0,8.235,0,0,5.766139344262294,0,2023-wimbledon-1101,1
-15,0,0,0,0,1,0.0,19.772,0,1,3.729163934426229,0,2023-wimbledon-1101,0
-30,0,0,0,0,1,0.0,3.36,0,0,0.8370688524590163,1,2023-wimbledon-1101,0
-15,0,0,0,0,1,0.0,7.509,0,1,0.8061633879781424,0,2023-wimbledon-1101,0
-25,0,0,0,0,1,0.0,20.384,0,0,-2.0562972677595632,0,2023-wimbledon-1101,0
0,1,1,1,0,0,0.0,7.078,1,1,-1.5759136612021858,1,2023-wimbledon-1101,0
15,1,1,1,0,0,0.0,10.161,1,0,0.7144278688524591,1,2023-wimbledon-1101,1
30,1,1,1,0,0,0.0,6.496,1,1,0.9753327868852462,1,2023-wimbledon-1101,1
40,1,1,1,0,0,0.0,0.746,1,1,3.3021907103825137,1,2023-wimbledon-1101,1
0,1,0,0,0,1,0.0,6.546,0,0,5.568668306010927,0,2023-wimbledon-1101,1
-15,0,0,0,0,1,0.0,2.052,0,0,3.705649726775955,1,2023-wimbledon-1101,0
0,1,0,0,0,1,0.0,58.433,0,1,2.984744808743169,1,2023-wimbledon-1101,1
15,1,0,0,0,1,0.0,11.871,0,1,4.180000546448088,1,2023-wimbledon-1101,1
25,1,0,0,0,1,0.0,34.854,0,1,3.4166573770491806,0,2023-wimbledon-1101,0
10,1,0,0,0,1,0.0,27.65,0,0,3.361673770491804,0,2023-wimbledon-1101,0
0,1,0,0,0,1,0.0,12.447,0,1,0.8702092896174866,0,2023-wimbledon-1101,0
-10,0,0,0,0,1,0.0,30.381,0,0,-2.4233398907103827,0,2023-wimbledon-1101,0
0,1,1,1,1,1,0.5,0.902,1,0,-4.052786338797815,0,2023-wimbledon-1101,0
-15,0,1,1,1,1,0.5,7.316,1,1,-3.9717191256830597,1,2023-wimbledon-1101,0
0,1,1,1,1,1,0.5,8.9,1,1,-1.5844530054644808,0,2023-wimbledon-1101,0
-15,0,1,1,1,1,0.5,2.992,1,1,-1.816944262295082,1,2023-wimbledon-1101,0
0,1,1,1,1,1,0.5,5.893,1,1,-0.03133224043715868,0,2023-wimbledon-1101,1
-10,0,1,1,1,1,0.5,0.782,1,1,-0.01593333333333312,1,2023-wimbledon-1101,0
0,1,1,1,1,1,0.5,20.778,1,0,-0.050812568306011094,0,2023-wimbledon-1101,1
-10,0,1,1,1,1,0.5,52.951,1,0,-0.11166393442622927,1,2023-wimbledon-1101,1
0,1,1,1,1,1,0.5,28.124,1,1,0.35850000000000004,1,2023-wimbledon-1101,1
10,1,1,1,1,1,0.5,9.344,1,1,3.060994535519126,0,2023-wimbledon-1101,0
0,1,1,1,1,1,0.5,3.913,1,1,0.5590612021857924,1,2023-wimbledon-1101,0
10,1,1,1,1,1,0.5,12.742,1,0,3.155285792349727,0,2023-wimbledon-1101,0
0,1,1,1,1,1,0.5,4.706,1,0,0.1142983606557378,0,2023-wimbledon-1101,0
-10,0,1,1,1,1,0.5,14.124,1,1,-2.543595081967213,1,2023-wimbledon-1101,0
0,1,1,1,1,1,0.5,37.521,1,1,-0.04461693989071045,0,2023-wimbledon-1101,0
-10,0,1,1,1,1,0.5,3.711,1,0,-2.5199562841530057,0,2023-wimbledon-1101,0
0,1,0,1,0,0,1.0,8.136,0,1,-2.842674316939891,1,2023-wimbledon-1101,0
15,1,0,1,0,0,1.0,22.703,0,1,-0.5469158469945354,1,2023-wimbledon-1101,1
30,1,0,1,0,0,1.0,4.624,0,1,-0.6136863387978139,0,2023-wimbledon-1101,0
15,1,0,1,0,0,1.0,36.346,0,1,-0.3780071038251364,0,2023-wimbledon-1101,0
0,1,0,1,0,0,1.0,4.542,0,0,-0.01079999999999981,1,2023-wimbledon-1101,1
10,1,0,1,0,0,1.0,15.291,0,1,-0.046831693989071055,1,2023-wimbledon-1101,0
0,1,0,1,0,1,0.0,8.127,1,1,0.9369486338797816,1,2023-wimbledon-1101,0
15,1,0,1,0,1,0.0,27.792,1,1,3.462918579234973,0,2023-wimbledon-1101,0
0,1,0,1,0,1,0.0,4.47,1,0,3.7037016393442617,1,2023-wimbledon-1101,0
15,1,0,1,0,1,0.0,17.395,1,1,3.768845355191257,1,2023-wimbledon-1101,1
25,1,0,1,0,1,0.0,21.548,1,1,2.4049830601092896,0,2023-wimbledon-1101,0
10,1,0,1,0,1,0.0,28.514,1,0,-0.2498890710382514,1,2023-wimbledon-1101,0
0,1,0,1,0,1,0.0,20.736,0,1,3.530042076502733,0,2023-wimbledon-1101,0
-15,0,0,1,0,1,0.0,11.337,0,1,1.3956852459016396,1,2023-wimbledon-1101,0
0,1,0,1,0,1,0.0,5.706,0,1,1.3050207650273227,0,2023-wimbledon-1101,0
-15,0,0,1,0,1,0.0,19.788,0,1,1.8931530054644805,1,2023-wimbledon-1101,0
0,1,0,1,0,1,0.0,18.918,0,1,0.138807650273224,1,2023-wimbledon-1101,0
10,1,0,1,0,1,0.0,26.584,0,1,2.3982437158469945,0,2023-wimbledon-1101,0
0,1,0,1,0,1,0.0,11.984,0,0,0.11591912568306022,0,2023-wimbledon-1101,0
-10,0,0,1,0,1,0.0,5.435,0,1,0.07573606557377027,1,2023-wimbledon-1101,0
0,1,0,1,0,1,0.0,21.144,0,1,-0.0761721311475409,0,2023-wimbledon-1101,0
-10,0,0,1,0,1,0.0,28.261,0,1,-2.284384153005465,1,2023-wimbledon-1101,0
0,1,0,1,0,1,0.0,15.544,0,1,0.18703333333333325,0,2023-wimbledon-1101,0
-10,0,0,1,0,1,0.0,14.45,0,1,0.21359398907103816,1,2023-wimbledon-1101,0
0,1,0,1,0,1,0.0,15.235,0,0,0.23740928961748645,0,2023-wimbledon-1101,0
-10,0,0,1,0,1,0.0,5.21,0,1,0.3294978142076501,1,2023-wimbledon-1101,0
0,1,0,1,0,1,0.0,11.657,0,1,0.041035519125682964,0,2023-wimbledon-1101,0
-10,0,0,1,0,1,0.0,7.189,0,1,0.029945355191256906,0,2023-wimbledon-1101,0
0,1,0,1,0,1,1.0,24.096,1,1,-0.7032251366120216,1,2023-wimbledon-1101,0
15,1,0,1,0,1,1.0,13.519,1,1,1.7612103825136614,1,2023-wimbledon-1101,0
30,1,0,1,0,1,1.0,31.886,1,1,2.02517868852459,1,2023-wimbledon-1101,1
40,1,0,1,0,1,1.0,12.426,1,0,4.7469393442622945,0,2023-wimbledon-1101,0
25,1,0,1,0,1,1.0,19.807,1,0,3.3167568306010917,0,2023-wimbledon-1101,0
10,1,0,1,0,1,1.0,5.834,1,1,0.2330098360655735,1,2023-wimbledon-1101,1
0,1,0,1,0,0,0.0,13.405,0,1,0.18491912568306026,1,2023-wimbledon-1101,0
15,1,0,1,0,0,0.0,5.023,0,0,-0.0729071038251366,1,2023-wimbledon-1101,0
30,1,0,1,0,0,0.0,8.263,0,1,2.534660109289617,1,2023-wimbledon-1101,1
40,1,0,1,0,0,0.0,3.919,0,1,5.564990163934425,0,2023-wimbledon-1101,0
25,1,0,1,0,0,0.0,15.68,0,0,2.88459781420765,1,2023-wimbledon-1101,1
0,1,1,1,0,0,0.0,1.299,1,1,4.0485890710382515,1,2023-wimbledon-1101,1
15,1,1,1,0,0,0.0,5.78,1,0,4.469832786885246,1,2023-wimbledon-1101,1
30,1,1,1,0,0,0.0,0.813,1,1,4.891373770491803,1,2023-wimbledon-1101,0
40,1,1,1,0,0,0.0,3.594,1,1,7.795695081967214,1,2023-wimbledon-1101,0
0,1,0,0,0,1,0.0,5.454,1,1,8.012365573770492,1,2023-wimbledon-1102,1
15,1,0,0,0,1,0.0,25.089,1,0,8.69115464480874,0,2023-wimbledon-1102,0
0,1,0,0,0,1,0.0,7.322,1,1,6.394768852459015,1,2023-wimbledon-1102,0
15,1,0,0,0,1,0.0,7.096,1,1,5.163881420765027,0,2023-wimbledon-1102,0
0,1,0,0,0,1,0.0,20.404,1,0,0.04000000000000008,1,2023-wimbledon-1102,0
10,1,0,0,0,1,0.0,2.38,1,0,0.009999999999999981,1,2023-wimbledon-1102,0
0,1,0,0,0,0,1.0,3.199,0,0,4.9,0,2023-wimbledon-1102,0
-15,0,0,0,0,0,1.0,1.333,0,1,2.84,0,2023-wimbledon-1102,1
-30,0,0,0,0,0,1.0,5.44,0,1,3.29,1,2023-wimbledon-1102,0
-15,0,0,0,0,0,1.0,31.367,0,1,3.2600000000000002,1,2023-wimbledon-1102,0
0,1,0,0,0,0,1.0,2.175,0,1,0.09000000000000002,0,2023-wimbledon-1102,0
-10,0,0,0,0,0,1.0,6.305,0,1,0.09000000000000008,0,2023-wimbledon-1102,0
0,1,0,1,0,0,0.0,2.888,1,1,3.0700000000000003,1,2023-wimbledon-1102,0
15,1,0,1,0,0,0.0,3.955,1,1,3.2399999999999998,0,2023-wimbledon-1102,0
0,1,0,1,0,0,0.0,19.582,1,1,1.0099999999999996,1,2023-wimbledon-1102,0
15,1,0,1,0,0,0.0,27.804,1,0,3.2399999999999998,0,2023-wimbledon-1102,0
0,1,0,1,0,0,0.0,5.732,1,1,0.09000000000000008,1,2023-wimbledon-1102,1
10,1,0,1,0,0,0.0,8.018,1,0,0.060000000000000026,1,2023-wimbledon-1102,0
0,1,0,0,0,0,0.0,11.271,0,1,2.5500000000000003,0,2023-wimbledon-1102,0
-15,0,0,0,0,0,0.0,33.905,0,1,0.49,0,2023-wimbledon-1102,1
-30,0,0,0,0,0,0.0,2.161,0,1,0.8899999999999997,0,2023-wimbledon-1102,1
-40,0,0,0,0,0,0.0,20.406,0,1,-1.17,0,2023-wimbledon-1102,0
0,1,1,1,0,1,0.0,15.526,1,0,-3.42,1,2023-wimbledon-1102,0
15,1,1,1,0,1,0.0,0.811,1,1,-1.19,1,2023-wimbledon-1102,0
30,1,1,1,0,1,0.0,8.179,1,1,1.09,1,2023-wimbledon-1102,1
40,1,1,1,0,1,0.0,7.938,1,0,3.38,0,2023-wimbledon-1102,0
25,1,1,1,0,1,0.0,20.174,1,0,2.8199999999999994,0,2023-wimbledon-1102,0
10,1,1,1,0,1,0.0,5.918,1,1,0.060000000000000275,1,2023-wimbledon-1102,1
0,1,0,1,0,0,0.0,4.84,0,0,0.009999999999999981,1,2023-wimbledon-1102,0
15,1,0,1,0,0,0.0,0.907,0,0,0.03999999999999976,1,2023-wimbledon-1102,0
30,1,0,1,0,0,0.0,4.33,0,1,2.58,1,2023-wimbledon-1102,1
40,1,0,1,0,0,0.0,3.381,0,1,5.46,0,2023-wimbledon-1102,0
25,1,0,1,0,0,0.0,4.357,0,1,2.81,0,2023-wimbledon-1102,0
10,1,0,1,0,0,0.0,11.794,0,1,0.0900000000000003,1,2023-wimbledon-1102,0
0,1,1,1,1,1,0.0,1.02,1,1,1.8800000000000001,1,2023-wimbledon-1102,0
15,1,1,1,1,1,0.0,21.346,1,0,2.33,0,2023-wimbledon-1102,0
0,1,1,1,1,1,0.0,12.418,1,1,2.2800000000000002,0,2023-wimbledon-1102,0
-15,0,1,1,1,1,0.0,6.403,1,0,2.2799999999999994,0,2023-wimbledon-1102,1
-25,0,1,1,1,1,0.0,4.791,1,1,-2.4499999999999997,1,2023-wimbledon-1102,0
-10,0,1,1,1,1,0.0,0.809,1,0,-2.47,0,2023-wimbledon-1102,0
0,1,0,0,0,0,0.0,0.667,0,0,-2.1099999999999994,1,2023-wimbledon-1102,0
15,1,0,0,0,0,0.0,15.528,0,1,0.12000000000000008,1,2023-wimbledon-1102,0
30,1,0,0,0,0,0.0,1.008,0,1,2.4600000000000004,0,2023-wimbledon-1102,0
15,1,0,0,0,0,0.0,13.487,0,0,0.20000000000000018,1,2023-wimbledon-1102,0
25,1,0,0,0,0,0.0,13.454,0,1,2.12,1,2023-wimbledon-1102,1
0,1,1,1,0,1,0.0,9.022,1,1,3.17,0,2023-wimbledon-1102,1
-15,0,1,1,0,1,0.0,1.286,1,1,1.06,1,2023-wimbledon-1102,0
0,1,1,1,0,1,0.0,63.985,1,1,3.4900000000000007,0,2023-wimbledon-1102,1
-15,0,1,1,0,1,0.0,0.982,1,1,1.4099999999999997,1,2023-wimbledon-1102,1
0,1,1,1,0,1,0.0,12.682,1,1,-0.020000000000000063,0,2023-wimbledon-1102,0
-10,0,1,1,0,1,0.0,2.627,1,1,0.01000000000000005,1,2023-wimbledon-1102,0
0,1,1,1,0,1,0.0,6.818,1,0,-0.020000000000000046,0,2023-wimbledon-1102,0
-10,0,1,1,0,1,0.0,21.636,1,0,0.01000000000000005,0,2023-wimbledon-1102,0
0,1,0,1,0,0,0.0,3.216,0,0,-2.9099999999999997,0,2023-wimbledon-1102,0
-15,0,0,1,0,0,0.0,21.885,0,0,-2.66,1,2023-wimbledon-1102,0
0,1,0,1,0,0,0.0,1.23,0,1,-2.8600000000000003,0,2023-wimbledon-1102,0
-15,0,0,1,0,0,0.0,5.555,0,1,-2.6099999999999994,0,2023-wimbledon-1102,1
-25,0,0,1,0,0,0.0,5.209,0,0,-1.97,1,2023-wimbledon-1102,0
-10,0,0,1,0,0,0.0,4.838,0,1,0.060000000000000026,0,2023-wimbledon-1102,1
0,1,0,1,0,0,0.75,10.559,1,0,-1.39,0,2023-wimbledon-1102,0
-15,0,0,1,0,0,0.75,11.016,1,1,-1.5899999999999999,0,2023-wimbledon-1102,0
-30,0,0,1,0,0,0.75,19.099,1,1,-1.7899999999999998,0,2023-wimbledon-1102,1
-40,0,0,1,0,0,0.75,7.122,1,1,-4.02,1,2023-wimbledon-1102,0
-25,0,0,1,0,0,0.75,2.833,1,1,-2.3699999999999997,1,2023-wimbledon-1102,0
-10,0,0,1,0,0,0.75,18.909,1,0,0.09000000000000002,1,2023-wimbledon-1102,0
0,1,0,1,0,0,0.75,4.382,1,1,2.58,1,2023-wimbledon-1102,0
10,1,0,1,0,0,0.75,33.365,1,1,5.459999999999999,0,2023-wimbledon-1102,0
0,1,0,1,0,0,0.75,9.138,1,1,3.209999999999999,1,2023-wimbledon-1102,0
10,1,0,1,0,0,0.75,6.711,1,1,2.5199999999999996,1,2023-wimbledon-1102,0
0,1,0,0,0,0,0.0,6.557,0,1,2.5500000000000003,0,2023-wimbledon-1102,0
-15,0,0,0,0,0,0.0,2.036,0,1,0.49,0,2023-wimbledon-1102,1
-30,0,0,0,0,0,0.0,1.146,0,1,0.8899999999999997,0,2023-wimbledon-1102,0
-40,0,0,0,0,0,0.0,1.277,0,1,-1.17,0,2023-wimbledon-1102,0
0,1,0,1,0,1,1.0,3.527,1,1,-3.42,0,2023-wimbledon-1102,1
-1,0,0,1,0,1,1.0,2.018,1,0,-3.67,0,2023-wimbledon-1102,0
-2,0,0,1,0,1,1.0,10.269,1,0,-3.67,1,2023-wimbledon-1102,0
-1,0,0,1,0,1,1.0,37.384,1,0,-1.64,1,2023-wimbledon-1102,0
0,1,0,1,0,1,1.0,13.261,1,1,0.03999999999999998,0,2023-wimbledon-1102,0
-1,0,0,1,0,1,1.0,14.846,1,1,0.09000000000000008,1,2023-wimbledon-1102,0
0,1,0,1,0,1,1.0,2.834,1,0,2.1199999999999997,0,2023-wimbledon-1102,0
-1,0,0,1,0,1,1.0,1.363,1,1,0.09000000000000008,1,2023-wimbledon-1102,0
0,1,0,1,0,1,1.0,14.821,1,1,0.060000000000000026,1,2023-wimbledon-1102,0
1,1,0,1,0,1,1.0,20.029,1,0,2.5500000000000003,1,2023-wimbledon-1102,0
2,1,0,1,0,1,1.0,6.074,1,1,2.58,0,2023-wimbledon-1102,0
1,1,0,1,0,1,1.0,4.127,1,1,2.8499999999999996,1,2023-wimbledon-1102,0
0,1,0,1,0,0,1.0,5.804,0,1,2.62,0,2023-wimbledon-1102,0
-15,0,0,1,0,0,1.0,0.608,0,0,0.5900000000000001,1,2023-wimbledon-1102,0
0,1,0,1,0,0,1.0,2.256,0,1,0.76,0,2023-wimbledon-1102,0
-15,0,0,1,0,0,1.0,26.5,0,0,0.9900000000000002,1,2023-wimbledon-1102,0
0,1,0,1,0,0,1.0,23.587,0,0,0.060000000000000026,1,2023-wimbledon-1102,0
10,1,0,1,0,0,1.0,3.123,0,1,2.15,0,2023-wimbledon-1102,0
0,1,0,1,0,0,1.0,14.075,0,1,0.09000000000000008,1,2023-wimbledon-1102,0
10,1,0,1,0,0,1.0,30.579,0,1,2.12,1,2023-wimbledon-1102,0
0,1,0,0,0,1,0.5,11.371,1,1,3.95,1,2023-wimbledon-1102,0
15,1,0,0,0,1,0.5,6.476,1,0,4.38,0,2023-wimbledon-1102,0
0,1,0,0,0,1,0.5,17.507,1,0,4.6000000000000005,0,2023-wimbledon-1102,1
-15,0,0,0,0,1,0.5,5.559,1,0,2.1899999999999995,0,2023-wimbledon-1102,0
-25,0,0,0,0,1,0.5,8.701,1,1,-2.5199999999999996,0,2023-wimbledon-1102,0
0,1,0,0,0,1,0.0,1.861,0,1,-4.62,0,2023-wimbledon-1102,1
-15,0,0,0,0,1,0.0,14.535,0,0,-4.369999999999999,0,2023-wimbledon-1102,1
-30,0,0,0,0,1,0.0,0.998,0,1,-4.17,0,2023-wimbledon-1102,1
-40,0,0,0,0,1,0.0,7.963,0,0,-3.92,0,2023-wimbledon-1102,0
0,1,0,1,1,1,0.5,3.678,1,1,-2.6999999999999993,1,2023-wimbledon-1102,1
15,1,0,1,1,1,0.5,1.966,1,1,-0.46999999999999975,1,2023-wimbledon-1102,0
30,1,0,1,1,1,0.5,8.382,1,1,1.84,0,2023-wimbledon-1102,0
15,1,0,1,1,1,0.5,1.938,1,0,1.5900000000000003,1,2023-wimbledon-1102,0
25,1,0,1,1,1,0.5,4.333,1,1,2.4699999999999993,0,2023-wimbledon-1102,0
10,1,0,1,1,1,0.5,14.95,1,1,0.040000000000000036,0,2023-wimbledon-1102,0
0,1,0,1,1,1,0.5,16.536,1,1,-2.4699999999999998,0,2023-wimbledon-1102,0
-10,0,0,1,1,1,0.5,4.017,1,1,-2.4699999999999998,1,2023-wimbledon-1102,0
0,1,0,1,1,1,0.5,7.694,1,0,-2.4699999999999993,0,2023-wimbledon-1102,0
-10,0,0,1,1,1,0.5,17.275,1,1,-2.5199999999999996,1,2023-wimbledon-1102,0
0,1,0,1,1,1,0.5,34.921,1,1,-0.04000000000000006,1,2023-wimbledon-1102,0
10,1,0,1,1,1,0.5,12.169,1,1,2.5,0,2023-wimbledon-1102,0
0,1,0,1,1,1,0.5,33.407,1,0,0.040000000000000036,0,2023-wimbledon-1102,0
-10,0,0,1,1,1,0.5,26.628,1,0,0.08999999999999986,1,2023-wimbledon-1102,0
0,1,0,1,1,1,0.5,7.13,1,1,0.060000000000000026,1,2023-wimbledon-1102,0
10,1,0,1,1,1,0.5,27.009,1,0,0.09000000000000002,0,2023-wimbledon-1102,0
0,1,0,1,1,1,0.5,7.766,1,0,0.04000000000000008,0,2023-wimbledon-1102,0
-10,0,0,1,1,1,0.5,6.619,1,1,-0.01000000000000019,0,2023-wimbledon-1102,0
0,1,0,0,0,0,0.0,12.997,0,1,-2.1399999999999997,0,2023-wimbledon-1102,0
-15,0,0,0,0,0,0.0,0.87,0,1,-4.369999999999999,0,2023-wimbledon-1102,0
-30,0,0,0,0,0,0.0,1.004,0,1,-4.12,0,2023-wimbledon-1102,1
-40,0,0,0,0,0,0.0,4.906,0,1,-3.87,1,2023-wimbledon-1102,0
-25,0,0,0,0,0,0.0,12.297,0,1,-1.97,0,2023-wimbledon-1102,0
0,1,0,1,1,1,0.5,0.921,1,0,-0.6099999999999999,0,2023-wimbledon-1102,1
-15,0,0,1,1,1,0.5,5.386,1,0,-0.8599999999999999,1,2023-wimbledon-1102,0
0,1,0,1,1,1,0.5,16.587,1,1,1.37,0,2023-wimbledon-1102,0
-15,0,0,1,1,1,0.5,39.927,1,1,-0.8599999999999999,0,2023-wimbledon-1102,1
-25,0,0,1,1,1,0.5,16.173,1,1,-2.42,1,2023-wimbledon-1102,0
-10,0,0,1,1,1,0.5,13.973,1,1,0.060000000000000026,1,2023-wimbledon-1102,0
0,1,0,1,1,1,0.5,0.672,1,0,0.09000000000000002,0,2023-wimbledon-1102,0
-10,0,0,1,1,1,0.5,9.249,1,1,0.04000000000000008,0,2023-wimbledon-1102,0
0,1,0,1,0,0,0.0,13.398,0,1,0.3799999999999999,0,2023-wimbledon-1102,0
-15,0,0,1,0,0,0.0,8.023,0,1,-1.88,0,2023-wimbledon-1102,0
-30,0,0,1,0,0,0.0,4.371,0,1,-4.11,0,2023-wimbledon-1102,1
-40,0,0,1,0,0,0.0,15.939,0,1,-3.86,1,2023-wimbledon-1102,0
-25,0,0,1,0,0,0.0,1.089,0,1,-1.97,0,2023-wimbledon-1102,1
0,1,1,1,0,1,0.75,28.056,1,1,-0.44999999999999984,1,2023-wimbledon-1102,1
15,1,1,1,0,1,0.75,5.371,1,1,1.78,0,2023-wimbledon-1102,0
0,1,1,1,0,1,0.75,17.33,1,1,1.61,0,2023-wimbledon-1102,0
-15,0,1,1,0,1,0.75,9.718,1,1,-0.6999999999999997,1,2023-wimbledon-1102,0
0,1,1,1,0,1,0.75,5.462,1,1,0.009999999999999981,0,2023-wimbledon-1102,0
-10,0,1,1,0,1,0.75,1.47,1,1,-2.42,1,2023-wimbledon-1102,0
0,1,1,1,0,1,0.75,12.894,1,1,0.02999999999999998,1,2023-wimbledon-1102,0
10,1,1,1,0,1,0.75,6.344,1,1,2.57,1,2023-wimbledon-1102,0
0,1,0,0,0,0,1.0,20.597,0,1,2.5999999999999996,0,2023-wimbledon-1102,1
-15,0,0,0,0,0,1.0,5.047,0,1,3.2699999999999996,1,2023-wimbledon-1102,0
0,1,0,0,0,0,1.0,4.623,0,1,2.9199999999999995,1,2023-wimbledon-1102,1
15,1,0,0,0,0,1.0,19.891,0,1,2.95,1,2023-wimbledon-1102,0
25,1,0,0,0,0,1.0,6.168,0,0,2.1799999999999997,1,2023-wimbledon-1102,0
0,1,0,1,0,1,0.5,19.928,1,0,6.4799999999999995,1,2023-wimbledon-1102,0
15,1,0,1,0,1,0.5,6.027,1,1,7.36,1,2023-wimbledon-1102,1
30,1,0,1,0,1,0.5,16.867,1,1,8.24,0,2023-wimbledon-1102,1
15,1,0,1,0,1,0.5,43.765,1,0,6.1499999999999995,0,2023-wimbledon-1102,0
0,1,0,1,0,1,0.5,24.295,1,0,0.039999999999999855,1,2023-wimbledon-1102,0
10,1,0,1,0,1,0.5,0.871,1,0,0.009999999999999981,1,2023-wimbledon-1102,0
0,1,0,0,0,0,0.0,1.938,0,1,1.6800000000000004,0,2023-wimbledon-1102,0
-15,0,0,0,0,0,0.0,0.954,0,1,2.08,0,2023-wimbledon-1102,1
-30,0,0,0,0,0,0.0,1.383,0,1,2.5300000000000002,0,2023-wimbledon-1102,1
-40,0,0,0,0,0,0.0,3.234,0,0,0.4700000000000002,0,2023-wimbledon-1102,0
0,1,0,1,0,0,1.0,1.017,1,0,-1.8599999999999999,1,2023-wimbledon-1102,0
15,1,0,1,0,0,1.0,6.336,1,1,0.3700000000000001,1,2023-wimbledon-1102,1
30,1,0,1,0,0,1.0,5.889,1,1,2.6300000000000003,1,2023-wimbledon-1102,1
40,1,0,1,0,0,1.0,14.497,1,1,4.919999999999999,1,2023-wimbledon-1102,0
0,1,0,0,0,0,0.0,7.577,0,0,5.499999999999999,0,2023-wimbledon-1102,0
-15,0,0,0,0,0,0.0,8.379,0,1,3.6499999999999995,0,2023-wimbledon-1102,1
-30,0,0,0,0,0,0.0,1.811,0,1,0.9299999999999997,0,2023-wimbledon-1102,1
-40,0,0,0,0,0,0.0,14.467,0,1,-1.13,0,2023-wimbledon-1102,0
0,1,0,1,0,1,1.0,4.455,1,1,-3.46,1,2023-wimbledon-1102,1
15,1,0,1,0,1,1.0,4.193,1,1,-1.23,0,2023-wimbledon-1102,0
0,1,0,1,0,1,1.0,23.776,1,1,-1.48,1,2023-wimbledon-1102,0
15,1,0,1,0,1,1.0,11.605,1,0,0.75,1,2023-wimbledon-1102,1
25,1,0,1,0,1,1.0,15.614,1,1,2.5,1,2023-wimbledon-1102,0
0,1,0,0,0,0,0.0,1.413,0,0,2.57,0,2023-wimbledon-1102,1
-15,0,0,0,0,0,0.0,4.832,0,0,3.289999999999999,0,2023-wimbledon-1102,0
-30,0,0,0,0,0,0.0,0.493,0,0,0.9299999999999997,1,2023-wimbledon-1102,0
-15,0,0,0,0,0,0.0,6.518,0,0,0.9000000000000001,0,2023-wimbledon-1102,0
-25,0,0,0,0,0,0.0,8.073,0,0,-1.97,1,2023-wimbledon-1102,0
-10,0,0,0,0,0,0.0,13.251,0,0,0.060000000000000026,0,2023-wimbledon-1102,1
0,1,1,1,0,0,0.0,9.802,1,1,0.6300000000000001,0,2023-wimbledon-1102,0
-15,0,1,1,0,0,0.0,12.372,1,1,-1.63,0,2023-wimbledon-1102,1
-30,0,1,1,0,0,0.0,4.581,1,1,-1.8299999999999998,1,2023-wimbledon-1102,0
-15,0,1,1,0,0,0.0,3.087,1,0,-1.63,1,2023-wimbledon-1102,0
0,1,1,1,0,0,0.0,2.817,1,0,0.09000000000000002,1,2023-wimbledon-1102,1
10,1,1,1,0,0,0.0,1.146,1,1,2.58,1,2023-wimbledon-1102,0
0,1,0,1,0,1,0.0,1.079,0,1,5.619999999999998,0,2023-wimbledon-1102,0
-15,0,0,1,0,1,0.0,12.018,0,0,3.7699999999999987,0,2023-wimbledon-1102,1
-30,0,0,1,0,1,0.0,10.901,0,0,0.9999999999999998,1,2023-wimbledon-1102,0
-15,0,0,1,0,1,0.0,3.553,0,0,0.9700000000000002,1,2023-wimbledon-1102,0
0,1,0,1,0,1,0.0,0.892,0,1,0.0400000000000002,0,2023-wimbledon-1102,0
-10,0,0,1,0,1,0.0,15.965,0,1,0.040000000000000036,1,2023-wimbledon-1102,0
0,1,0,1,0,1,0.0,3.226,0,0,2.12,0,2023-wimbledon-1102,0
-10,0,0,1,0,1,0.0,10.63,0,1,0.09000000000000008,1,2023-wimbledon-1102,0
0,1,0,1,0,1,0.0,12.087,0,0,0.060000000000000026,0,2023-wimbledon-1102,0
-10,0,0,1,0,1,0.0,3.901,0,1,0.09000000000000008,0,2023-wimbledon-1102,0
0,1,1,1,0,1,0.5,6.398,1,0,-1.3699999999999999,0,2023-wimbledon-1102,0
-15,0,1,1,0,1,0.5,5.192,1,1,-1.6199999999999999,0,2023-wimbledon-1102,1
-30,0,1,1,0,1,0.5,18.089,1,1,-3.8999999999999995,1,2023-wimbledon-1102,0
-15,0,1,1,0,1,0.5,0.792,1,1,-1.6699999999999995,1,2023-wimbledon-1102,0
0,1,1,1,0,1,0.5,7.737,1,1,0.009999999999999936,1,2023-wimbledon-1102,1
10,1,1,1,0,1,0.5,3.458,1,0,2.55,1,2023-wimbledon-1102,0
0,1,0,0,0,1,0.0,7.932,0,1,5.499999999999999,0,2023-wimbledon-1102,0
-15,0,0,0,0,1,0.0,1.06,0,1,3.6499999999999995,0,2023-wimbledon-1102,0
-30,0,0,0,0,1,0.0,25.652,0,1,0.9099999999999997,1,2023-wimbledon-1102,0
-15,0,0,0,0,1,0.0,12.77,0,0,0.8800000000000001,0,2023-wimbledon-1102,0
-25,0,0,0,0,1,0.0,1.411,0,1,-2.02,0,2023-wimbledon-1102,0
0,1,0,1,1,1,1.0,14.681,1,0,-1.42,1,2023-wimbledon-1102,0
15,1,0,1,1,1,1.0,6.528,1,0,0.81,1,2023-wimbledon-1102,0
30,1,0,1,1,1,1.0,3.239,1,1,1.0400000000000003,1,2023-wimbledon-1102,1
40,1,0,1,1,1,1.0,1.405,1,0,3.38,0,2023-wimbledon-1102,0
25,1,0,1,1,1,1.0,4.37,1,0,2.799999999999999,1,2023-wimbledon-1102,0
0,1,0,1,0,0,0.0,11.758,0,1,2.4899999999999993,1,2023-wimbledon-1102,0
15,1,0,1,0,0,0.0,5.087,0,1,2.52,0,2023-wimbledon-1102,0
0,1,0,1,0,0,0.0,4.508,0,1,0.45999999999999996,1,2023-wimbledon-1102,0
15,1,0,1,0,0,0.0,27.853,0,1,2.94,0,2023-wimbledon-1102,0
0,1,0,1,0,0,0.0,13.326,0,1,0.09000000000000008,1,2023-wimbledon-1102,0
10,1,0,1,0,0,0.0,11.507,0,1,0.060000000000000026,1,2023-wimbledon-1102,0
0,1,0,1,0,1,0.0,12.328,1,1,3.95,0,2023-wimbledon-1102,0
-15,0,0,1,0,1,0.0,10.83,1,1,1.8399999999999999,0,2023-wimbledon-1102,1
-30,0,0,1,0,1,0.0,12.126,1,1,1.840000000000001,1,2023-wimbledon-1102,0
-15,0,0,1,0,1,0.0,2.401,1,0,2.2100000000000004,1,2023-wimbledon-1102,0
0,1,0,1,0,1,0.0,4.48,1,0,0.03999999999999976,1,2023-wimbledon-1102,1
10,1,0,1,0,1,0.0,11.884,1,0,2.58,1,2023-wimbledon-1102,0
0,1,0,0,0,0,0.0,1.89,0,0,7.079999999999998,0,2023-wimbledon-1102,0
-15,0,0,0,0,0,0.0,6.935,0,1,5.229999999999999,0,2023-wimbledon-1102,1
-30,0,0,0,0,0,0.0,1.706,0,1,2.51,0,2023-wimbledon-1102,1
-40,0,0,0,0,0,0.0,15.588,0,0,0.4500000000000002,0,2023-wimbledon-1102,0
0,1,0,0,1,1,0.0,5.079,1,1,-1.8399999999999999,1,2023-wimbledon-1102,1
15,1,0,0,1,1,0.0,2.604,1,1,0.3900000000000001,1,2023-wimbledon-1102,1
30,1,0,0,1,1,0.0,5.823,1,1,2.65,0,2023-wimbledon-1102,0
15,1,0,0,1,1,0.0,0.802,1,0,2.4000000000000004,0,2023-wimbledon-1102,0
0,1,0,0,1,1,0.0,8.136,1,1,-0.01000000000000019,0,2023-wimbledon-1102,0
-10,0,0,0,1,1,0.0,25.663,1,1,-2.5199999999999996,1,2023-wimbledon-1102,0
0,1,0,0,1,1,0.0,4.375,1,1,-2.52,1,2023-wimbledon-1102,0
10,1,0,0,1,1,0.0,2.75,1,1,-0.010000000000000064,1,2023-wimbledon-1102,0
0,1,0,0,0,0,0.0,11.966,0,1,2.55,0,2023-wimbledon-1102,0
-15,0,0,0,0,0,0.0,0.897,0,1,3.2699999999999987,0,2023-wimbledon-1102,1
-30,0,0,0,0,0,0.0,1.353,0,1,0.9099999999999997,0,2023-wimbledon-1102,0
-40,0,0,0,0,0,0.0,7.51,0,1,-1.15,0,2023-wimbledon-1102,0
0,1,0,1,1,1,0.0,11.578,1,1,-3.44,0,2023-wimbledon-1102,0
-15,0,0,1,1,1,0.0,0.796,1,1,-3.6899999999999995,1,2023-wimbledon-1102,0
0,1,0,1,1,1,0.0,16.727,1,0,-1.4599999999999995,1,2023-wimbledon-1102,1
15,1,0,1,1,1,0.0,7.727,1,0,0.8,0,2023-wimbledon-1102,0
0,1,0,1,1,1,0.0,30.457,1,1,-0.009999999999999967,0,2023-wimbledon-1102,0
-10,0,0,1,1,1,0.0,20.397,1,1,0.039999999999999813,1,2023-wimbledon-1102,0
0,1,0,1,1,1,0.0,20.848,1,1,0.009999999999999981,1,2023-wimbledon-1102,0
10,1,0,1,1,1,0.0,19.532,1,1,0.03999999999999976,1,2023-wimbledon-1102,0
0,1,0,0,0,1,0.0,13.762,0,1,2.8000000000000003,0,2023-wimbledon-1103,0
-15,0,0,0,0,1,0.0,21.19,0,0,3.469999999999999,0,2023-wimbledon-1103,1
-30,0,0,0,0,1,0.0,11.468,0,0,1.1099999999999999,0,2023-wimbledon-1103,1
-40,0,0,0,0,1,0.0,2.345,0,1,-0.9999999999999998,0,2023-wimbledon-1103,0
0,1,0,0,0,1,1.0,22.46,1,1,-3.4499999999999997,1,2023-wimbledon-1103,0
15,1,0,0,0,1,1.0,11.699,1,1,-1.2199999999999998,1,2023-wimbledon-1103,0
30,1,0,0,0,1,1.0,4.139,1,1,1.0400000000000003,1,2023-wimbledon-1103,1
40,1,0,0,0,1,1.0,12.38,1,1,3.38,0,2023-wimbledon-1103,0
25,1,0,0,0,1,1.0,0.602,1,1,2.799999999999999,1,2023-wimbledon-1103,0
0,1,0,0,0,0,0.0,1.0,0,1,2.4899999999999993,0,2023-wimbledon-1103,1
-15,0,0,0,0,0,0.0,0.88,0,1,0.45999999999999996,0,2023-wimbledon-1103,0
-30,0,0,0,0,0,0.0,9.574,0,0,-1.6,1,2023-wimbledon-1103,1
-15,0,0,0,0,0,0.0,30.585,0,0,0.8800000000000001,0,2023-wimbledon-1103,0
-25,0,0,0,0,0,0.0,32.56,0,0,-1.97,0,2023-wimbledon-1103,0
0,1,0,0,1,1,0.0,6.564,1,1,-1.3699999999999999,1,2023-wimbledon-1103,1
15,1,0,0,1,1,0.0,13.491,1,1,0.8600000000000001,1,2023-wimbledon-1103,0
30,1,0,0,1,1,0.0,3.764,1,0,1.09,0,2023-wimbledon-1103,0
15,1,0,0,1,1,0.0,25.463,1,0,0.8400000000000003,1,2023-wimbledon-1103,0
25,1,0,0,1,1,0.0,1.035,1,1,2.4699999999999993,1,2023-wimbledon-1103,0
0,1,0,1,0,0,0.0,8.414,0,1,2.52,1,2023-wimbledon-1103,1
15,1,0,1,0,0,0.0,1.678,0,0,2.55,1,2023-wimbledon-1103,1
30,1,0,1,0,0,0.0,6.396,0,0,5.4799999999999995,1,2023-wimbledon-1103,1
40,1,0,1,0,0,0.0,33.468,0,1,5.96,1,2023-wimbledon-1103,0
0,1,0,0,0,0,1.0,5.715,1,1,7.42,0,2023-wimbledon-1103,1
-15,0,0,0,0,0,1.0,30.203,1,0,5.33,1,2023-wimbledon-1103,1
0,1,0,0,0,0,1.0,9.345,1,1,4.320000000000001,1,2023-wimbledon-1103,1
15,1,0,0,0,0,1.0,74.282,1,0,4.749999999999999,0,2023-wimbledon-1103,0
0,1,0,0,0,0,1.0,5.969,1,1,0.09000000000000008,0,2023-wimbledon-1103,1
-10,0,0,0,0,0,1.0,3.1,1,1,0.08999999999999986,1,2023-wimbledon-1103,0
0,1,0,0,0,0,1.0,16.792,1,0,0.060000000000000026,1,2023-wimbledon-1103,0
10,1,0,0,0,0,1.0,32.27,1,1,0.09000000000000002,1,2023-wimbledon-1103,0
0,1,0,0,0,0,0.0,0.859,0,1,4.199999999999999,0,2023-wimbledon-1103,1
-15,0,0,0,0,0,0.0,4.135,0,1,4.869999999999998,0,2023-wimbledon-1103,1
-30,0,0,0,0,0,0.0,19.203,0,1,2.51,1,2023-wimbledon-1103,0
-15,0,0,0,0,0,0.0,17.581,0,1,2.48,1,2023-wimbledon-1103,0
0,1,0,0,0,0,0.0,1.64,0,1,0.09000000000000002,0,2023-wimbledon-1103,0
-10,0,0,0,0,0,0.0,16.479,0,1,0.09000000000000008,0,2023-wimbledon-1103,0
0,1,1,1,0,0,0.0,3.478,1,1,2.2500000000000004,0,2023-wimbledon-1103,0
-15,0,1,1,0,0,0.0,5.208,1,1,-0.009999999999999787,1,2023-wimbledon-1103,0
0,1,1,1,0,0,0.0,4.463,1,1,0.19000000000000014,1,2023-wimbledon-1103,0
15,1,1,1,0,0,0.0,16.486,1,0,2.47,0,2023-wimbledon-1103,1
0,1,1,1,0,0,0.0,28.112,1,0,0.1100000000000001,1,2023-wimbledon-1103,1
10,1,1,1,0,0,0.0,6.144,1,0,2.5399999999999996,1,2023-wimbledon-1103,1
0,1,0,0,0,1,0.0,111.88,0,0,2.59,0,2023-wimbledon-1103,1
-15,0,0,0,0,1,0.0,0.0,0,1,0.46,0,2023-wimbledon-1103,1
-30,0,0,0,0,1,0.0,14.34,0,0,0.8599999999999997,0,2023-wimbledon-1103,1
-40,0,0,0,0,1,0.0,12.855,0,1,-1.2,0,2023-wimbledon-1103,0
0,1,0,0,0,0,1.0,23.419,1,1,-3.4899999999999998,1,2023-wimbledon-1103,0
15,1,0,0,0,0,1.0,1.799,1,1,-1.21,1,2023-wimbledon-1103,1
30,1,0,0,0,0,1.0,10.788,1,1,1.05,1,2023-wimbledon-1103,1
40,1,0,0,0,0,1.0,2.94,1,1,3.34,1,2023-wimbledon-1103,1
0,1,0,0,0,0,0.0,32.054,0,0,5.579999999999998,1,2023-wimbledon-1103,1
15,1,0,0,0,0,0.0,103.018,0,0,6.059999999999999,1,2023-wimbledon-1103,1
30,1,0,0,0,0,0.0,11.239,0,1,6.54,0,2023-wimbledon-1103,1
15,1,0,0,0,0,0.0,19.325,0,1,4.45,0,2023-wimbledon-1103,0
0,1,0,0,0,0,0.0,1.44,0,1,0.0900000000000003,0,2023-wimbledon-1103,1
-10,0,0,0,0,0,0.0,9.038,0,1,-1.97,0,2023-wimbledon-1103,0
0,1,1,1,0,1,1.0,9.738,1,1,-3.4,1,2023-wimbledon-1103,0
15,1,1,1,0,1,1.0,6.86,1,1,-1.17,1,2023-wimbledon-1103,1
30,1,1,1,0,1,1.0,10.739,1,0,1.09,0,2023-wimbledon-1103,0
15,1,1,1,0,1,1.0,14.474,1,0,0.8900000000000003,0,2023-wimbledon-1103,0
0,1,1,1,0,1,1.0,17.055,1,1,0.08999999999999986,0,2023-wimbledon-1103,0
-10,0,1,1,0,1,1.0,0.802,1,0,-2.42,1,2023-wimbledon-1103,0
0,1,1,1,0,1,1.0,1.893,1,1,-2.3999999999999995,1,2023-wimbledon-1103,0
10,1,1,1,0,1,1.0,5.273,1,1,0.06000000000000022,1,2023-wimbledon-1103,0
0,1,0,0,0,0,0.0,0.0,0,1,2.57,0,2023-wimbledon-1103,0
-15,0,0,0,0,0,0.0,21.092,0,0,3.289999999999999,0,2023-wimbledon-1103,1
-30,0,0,0,0,0,0.0,0.476,0,1,0.9099999999999997,0,2023-wimbledon-1103,0
-40,0,0,0,0,0,0.0,0.809,0,1,-1.15,0,2023-wimbledon-1103,0
0,1,0,1,0,0,0.6666666666666666,36.152,1,1,-3.4,0,2023-wimbledon-1103,1
-15,0,0,1,0,0,0.6666666666666666,23.875,1,1,-3.5999999999999996,0,2023-wimbledon-1103,1
-30,0,0,1,0,0,0.6666666666666666,69.193,1,1,-3.8,1,2023-wimbledon-1103,0
-15,0,0,1,0,0,0.6666666666666666,5.972,1,1,-1.5699999999999998,1,2023-wimbledon-1103,1
0,1,0,1,0,0,0.6666666666666666,20.983,1,1,0.09000000000000002,1,2023-wimbledon-1103,1
10,1,0,1,0,0,0.6666666666666666,27.856,1,0,2.58,1,2023-wimbledon-1103,0
0,1,0,1,0,0,0.0,7.713,0,1,5.479999999999999,0,2023-wimbledon-1103,0
-15,0,0,1,0,0,0.0,10.621,0,1,3.629999999999999,0,2023-wimbledon-1103,0
-30,0,0,1,0,0,0.0,31.29,0,1,0.9099999999999997,1,2023-wimbledon-1103,1
-15,0,0,1,0,0,0.0,14.854,0,1,0.8800000000000001,0,2023-wimbledon-1103,0
-25,0,0,1,0,0,0.0,26.74,0,0,-1.97,0,2023-wimbledon-1103,0
0,1,0,0,0,1,0.0,3.751,1,1,-1.3699999999999999,1,2023-wimbledon-1103,1
15,1,0,0,0,1,0.0,11.301,1,1,0.8600000000000001,0,2023-wimbledon-1103,0
0,1,0,0,0,1,0.0,14.463,1,1,-1.3699999999999999,0,2023-wimbledon-1103,1
-15,0,0,0,0,1,0.0,5.477,1,1,-1.6199999999999999,0,2023-wimbledon-1103,1
-25,0,0,0,0,1,0.0,6.211,1,0,-2.4699999999999998,1,2023-wimbledon-1103,0
-10,0,0,0,0,1,0.0,42.475,1,0,-2.4699999999999993,0,2023-wimbledon-1103,1
0,1,0,0,0,0,0.0,5.002,0,1,-2.8899999999999997,0,2023-wimbledon-1103,1
-15,0,0,0,0,0,0.0,5.934,0,1,-2.6399999999999997,0,2023-wimbledon-1103,0
-30,0,0,0,0,0,0.0,7.108,0,0,-2.3899999999999997,0,2023-wimbledon-1103,1
-40,0,0,0,0,0,0.0,14.373,0,0,-4.62,1,2023-wimbledon-1103,0
-25,0,0,0,0,0,0.0,3.619,0,0,-1.97,1,2023-wimbledon-1103,0
-10,0,0,0,0,0,0.0,28.183,0,0,0.09000000000000002,1,2023-wimbledon-1103,0
0,1,0,0,0,0,0.0,12.77,0,0,2.1799999999999997,1,2023-wimbledon-1103,0
10,1,0,0,0,0,0.0,14.172,0,1,4.66,1,2023-wimbledon-1103,0
0,1,0,0,0,0,0.0,0.0,1,1,6.180000000000001,1,2023-wimbledon-1103,0
15,1,0,0,0,0,0.0,0.0,1,1,7.0600000000000005,1,2023-wimbledon-1103,0
30,1,0,0,0,0,0.0,3.443,1,1,7.94,1,2023-wimbledon-1103,1
40,1,0,0,0,0,0.0,3.134,1,0,8.82,0,2023-wimbledon-1103,0
25,1,0,0,0,0,0.0,22.467,1,1,4.65,0,2023-wimbledon-1103,0
10,1,0,0,0,0,0.0,24.585,1,0,0.08999999999999986,1,2023-wimbledon-1103,0
0,1,0,0,0,0,0.0,2.423,0,1,0.8800000000000001,0,2023-wimbledon-1103,0
-15,0,0,0,0,0,0.0,0.0,0,1,-1.15,0,2023-wimbledon-1103,1
-30,0,0,0,0,0,0.0,1.166,0,1,-0.7499999999999998,0,2023-wimbledon-1103,1
-40,0,0,0,0,0,0.0,1.296,0,1,-0.3500000000000001,0,2023-wimbledon-1103,0
0,1,1,1,0,0,1.0,13.628,1,1,-2.5999999999999996,1,2023-wimbledon-1103,1
15,1,1,1,0,0,1.0,22.605,1,1,-0.3699999999999999,0,2023-wimbledon-1103,0
0,1,1,1,0,0,1.0,10.038,1,1,-0.5699999999999998,0,2023-wimbledon-1103,0
-15,0,1,1,0,0,1.0,12.299,1,0,-0.7699999999999998,0,2023-wimbledon-1103,1
-25,0,1,1,0,0,1.0,1.639,1,1,-2.37,1,2023-wimbledon-1103,0
-10,0,1,1,0,0,1.0,11.108,1,1,-2.3499999999999996,1,2023-wimbledon-1103,0
0,1,1,1,0,0,1.0,15.424,1,1,0.11000000000000004,0,2023-wimbledon-1103,0
-10,0,1,1,0,0,1.0,3.964,1,0,0.1100000000000001,0,2023-wimbledon-1103,0
0,1,0,0,0,0,0.0,24.298,0,1,0.6900000000000004,0,2023-wimbledon-1103,0
-15,0,0,0,0,0,0.0,10.125,0,1,-1.5899999999999999,1,2023-wimbledon-1103,0
0,1,0,0,0,0,0.0,25.346,0,1,-1.7899999999999998,0,2023-wimbledon-1103,0
-15,0,0,0,0,0,0.0,4.336,0,1,-1.5899999999999999,0,2023-wimbledon-1103,1
-25,0,0,0,0,0,0.0,6.883,0,0,-1.97,1,2023-wimbledon-1103,0
-10,0,0,0,0,0,0.0,10.098,0,1,0.060000000000000026,1,2023-wimbledon-1103,0
0,1,0,0,0,0,0.0,14.197,0,0,0.09000000000000002,1,2023-wimbledon-1103,1
10,1,0,0,0,0,0.0,0.255,0,0,2.1799999999999997,0,2023-wimbledon-1103,0
0,1,0,0,0,0,0.0,4.466,0,0,2.45,1,2023-wimbledon-1103,1
10,1,0,0,0,0,0.0,52.071,0,1,2.12,1,2023-wimbledon-1103,0
0,1,0,0,0,1,0.0,10.994,1,1,3.15,0,2023-wimbledon-1103,1
-15,0,0,0,0,1,0.0,0.0,1,1,1.09,0,2023-wimbledon-1103,1
-30,0,0,0,0,1,0.0,22.397,1,1,1.09,1,2023-wimbledon-1103,0
-15,0,0,0,0,1,0.0,5.043,1,1,1.46,1,2023-wimbledon-1103,1
0,1,0,0,0,1,0.0,5.146,1,1,0.09000000000000002,1,2023-wimbledon-1103,0
10,1,0,0,0,1,0.0,17.095,1,0,2.58,0,2023-wimbledon-1103,0
0,1,0,0,0,1,0.0,41.369,1,0,2.799999999999999,0,2023-wimbledon-1103,1
-10,0,0,0,0,1,0.0,6.187,1,1,-0.01000000000000019,1,2023-wimbledon-1103,1
0,1,0,0,0,1,0.0,40.219,1,0,-0.04000000000000006,0,2023-wimbledon-1103,0
-10,0,0,0,0,1,0.0,6.044,1,1,-2.4699999999999998,1,2023-wimbledon-1103,0
0,1,0,0,0,1,0.0,62.52,1,0,0.009999999999999981,1,2023-wimbledon-1103,0
10,1,0,0,0,1,0.0,35.501,1,0,2.5500000000000003,1,2023-wimbledon-1103,0
0,1,0,0,0,1,0.0,8.698,0,1,3.4,0,2023-wimbledon-1103,0
-15,0,0,0,0,1,0.0,43.101,0,1,4.0699999999999985,0,2023-wimbledon-1103,1
-30,0,0,0,0,1,0.0,3.777,0,1,1.71,0,2023-wimbledon-1103,0
-40,0,0,0,0,1,0.0,12.468,0,1,-0.3500000000000001,0,2023-wimbledon-1103,0
0,1,1,1,0,1,0.0,10.947,1,1,-2.6899999999999995,0,2023-wimbledon-1103,0
-15,0,1,1,0,1,0.0,5.919,1,1,-2.9399999999999995,1,2023-wimbledon-1103,0
0,1,1,1,0,1,0.0,4.083,1,1,-0.71,1,2023-wimbledon-1103,0
15,1,1,1,0,1,0.0,11.613,1,1,1.5700000000000003,0,2023-wimbledon-1103,0
0,1,1,1,0,1,0.0,25.279,1,1,0.06000000000000005,1,2023-wimbledon-1103,0
10,1,1,1,0,1,0.0,3.578,1,1,2.5399999999999996,1,2023-wimbledon-1103,0
0,1,0,0,0,0,0.0,5.692,0,1,2.59,0,2023-wimbledon-1103,1
-15,0,0,0,0,0,0.0,24.493,0,1,0.51,1,2023-wimbledon-1103,0
0,1,0,0,0,0,0.0,19.534,0,0,2.9399999999999995,1,2023-wimbledon-1103,0
15,1,0,0,0,0,0.0,11.606,0,0,2.97,0,2023-wimbledon-1103,0
0,1,0,0,0,0,0.0,15.528,0,0,0.09000000000000008,1,2023-wimbledon-1103,0
10,1,0,0,0,0,0.0,13.951,0,0,2.12,1,2023-wimbledon-1103,0
0,1,0,1,0,1,0.0,1.731,1,0,3.99,1,2023-wimbledon-1103,0
15,1,0,1,0,1,0.0,3.676,1,0,4.42,1,2023-wimbledon-1103,0
30,1,0,1,0,1,0.0,16.763,1,0,7.3,1,2023-wimbledon-1103,1
40,1,0,1,0,1,0.0,5.193,1,0,8.18,0,2023-wimbledon-1103,0
25,1,0,1,0,1,0.0,30.181,1,0,3.5199999999999996,0,2023-wimbledon-1103,0
10,1,0,1,0,1,0.0,18.949,1,1,0.039999999999999813,0,2023-wimbledon-1103,0
0,1,0,1,0,1,0.0,6.116,1,1,-2.42,1,2023-wimbledon-1103,0
10,1,0,1,0,1,0.0,53.35,1,0,-2.4200000000000004,1,2023-wimbledon-1103,1
0,1,0,1,0,1,1.0,40.34,0,0,1.7500000000000002,0,2023-wimbledon-1103,0
-15,0,0,1,0,1,1.0,25.768,0,0,2.15,1,2023-wimbledon-1103,0
0,1,0,1,0,1,1.0,0.837,0,1,4.58,0,2023-wimbledon-1103,0
-15,0,0,1,0,1,1.0,14.506,0,1,2.55,1,2023-wimbledon-1103,0
0,1,0,1,0,1,1.0,5.891,0,1,0.060000000000000026,0,2023-wimbledon-1103,0
-10,0,0,1,0,1,1.0,4.744,0,0,0.09000000000000008,1,2023-wimbledon-1103,0
0,1,0,1,0,1,1.0,1.015,0,1,0.060000000000000026,0,2023-wimbledon-1103,1
-10,0,0,1,0,1,1.0,10.256,0,0,0.09000000000000008,0,2023-wimbledon-1103,1
0,1,0,1,0,0,0.6666666666666666,9.61,1,1,0.10000000000000019,1,2023-wimbledon-1103,1
15,1,0,1,0,0,0.6666666666666666,54.628,1,1,2.3299999999999996,0,2023-wimbledon-1103,1
0,1,0,1,0,0,0.6666666666666666,8.274,1,1,0.10000000000000009,0,2023-wimbledon-1103,1
-15,0,0,1,0,0,0.6666666666666666,16.409,1,1,-0.10000000000000009,1,2023-wimbledon-1103,1
0,1,0,1,0,0,0.6666666666666666,4.626,1,1,0.060000000000000026,1,2023-wimbledon-1103,0
10,1,0,1,0,0,0.6666666666666666,55.005,1,0,0.09000000000000002,1,2023-wimbledon-1103,0
0,1,0,1,0,0,0.6666666666666666,0.0,1,0,2.74,0,2023-wimbledon-1103,1
0,1,0,1,0,0,1.0,15.008,0,1,3.8299999999999983,1,2023-wimbledon-1103,0
15,1,0,1,0,0,1.0,23.844,0,0,4.1000000000000005,1,2023-wimbledon-1103,1
30,1,0,1,0,0,1.0,31.177,0,1,4.7299999999999995,1,2023-wimbledon-1103,0
40,1,0,1,0,0,1.0,45.178,0,0,3.6,1,2023-wimbledon-1103,0
0,1,0,0,0,1,0.0,3.324,1,0,7.26,1,2023-wimbledon-1103,0
15,1,0,0,0,1,0.0,21.648,1,0,8.14,0,2023-wimbledon-1103,1
0,1,0,0,0,1,0.0,32.719,1,1,6.17,0,2023-wimbledon-1103,1
-15,0,0,0,0,1,0.0,19.747,1,1,3.09,0,2023-wimbledon-1103,1
-25,0,0,0,0,1,0.0,5.36,1,1,-2.42,0,2023-wimbledon-1103,0
0,1,0,1,0,1,0.0,49.106,0,0,-3.6699999999999995,1,2023-wimbledon-1103,1
15,1,0,1,0,1,0.0,41.358,0,1,-1.4399999999999993,1,2023-wimbledon-1103,1
30,1,0,1,0,1,0.0,41.211,0,0,0.8200000000000001,0,2023-wimbledon-1103,1
15,1,0,1,0,1,0.0,30.419,0,0,1.0700000000000003,0,2023-wimbledon-1103,0
0,1,0,1,0,1,0.0,1.05,0,1,0.0400000000000003,0,2023-wimbledon-1103,0
-10,0,0,1,0,1,0.0,47.747,0,1,-2.02,0,2023-wimbledon-1103,1
0,1,1,1,0,0,1.0,8.09,1,1,-1.8499999999999996,0,2023-wimbledon-1103,1
-15,0,1,1,0,0,1.0,2.037,1,1,-2.05,1,2023-wimbledon-1103,0
0,1,1,1,0,0,1.0,0.946,1,1,0.23000000000000018,1,2023-wimbledon-1103,0
15,1,1,1,0,0,1.0,11.916,1,0,2.5100000000000002,0,2023-wimbledon-1103,0
0,1,1,1,0,0,1.0,17.856,1,0,0.1100000000000001,1,2023-wimbledon-1103,0
10,1,1,1,0,0,1.0,13.941,1,1,2.5399999999999996,0,2023-wimbledon-1103,0
0,1,1,1,0,0,1.0,36.578,1,1,0.1100000000000001,0,2023-wimbledon-1103,0
-10,0,1,1,0,0,1.0,8.554,1,1,-2.37,1,2023-wimbledon-1103,0
0,1,1,1,0,0,1.0,9.956,1,0,0.060000000000000026,1,2023-wimbledon-1103,0
10,1,1,1,0,0,1.0,10.026,1,0,0.09000000000000002,1,2023-wimbledon-1103,0
0,1,0,0,0,0,0.0,4.283,0,1,2.6,0,2023-wimbledon-1103,0
-15,0,0,0,0,0,0.0,2.564,0,0,3.2699999999999987,1,2023-wimbledon-1103,0
0,1,0,0,0,0,0.0,1.207,0,1,2.9399999999999995,0,2023-wimbledon-1103,0
-15,0,0,0,0,0,0.0,24.652,0,1,0.9100000000000001,0,2023-wimbledon-1103,1
-25,0,0,0,0,0,0.0,9.103,0,0,-1.97,1,2023-wimbledon-1103,1
-10,0,0,0,0,0,0.0,9.498,0,1,0.060000000000000026,0,2023-wimbledon-1103,0
0,1,1,1,0,1,0.0,1.022,1,1,-1.3699999999999999,1,2023-wimbledon-1103,1
15,1,1,1,0,1,0.0,42.069,1,1,0.8800000000000001,0,2023-wimbledon-1103,1
0,1,1,1,0,1,0.0,39.286,1,0,0.7100000000000002,0,2023-wimbledon-1103,1
-15,0,1,1,0,1,0.0,14.796,1,1,-1.5999999999999999,0,2023-wimbledon-1103,0
-25,0,1,1,0,1,0.0,22.84,1,1,-2.4499999999999997,0,2023-wimbledon-1103,0
0,1,0,0,0,0,1.0,7.835,0,1,-5.3199999999999985,0,2023-wimbledon-1103,0
-15,0,0,0,0,0,1.0,1.278,0,1,-5.12,0,2023-wimbledon-1103,0
-30,0,0,0,0,0,1.0,23.151,0,0,-4.87,1,2023-wimbledon-1103,1
-15,0,0,0,0,0,1.0,22.027,0,0,-2.5900000000000003,0,2023-wimbledon-1103,0
-25,0,0,0,0,0,1.0,17.35,0,1,-1.97,1,2023-wimbledon-1103,0
-10,0,0,0,0,0,1.0,0.545,0,1,0.060000000000000026,0,2023-wimbledon-1103,0
0,1,0,1,0,1,1.0,21.576,1,1,0.6500000000000001,0,2023-wimbledon-1103,0
-15,0,0,1,0,1,1.0,4.232,1,1,-1.66,1,2023-wimbledon-1103,0
0,1,0,1,0,1,1.0,12.428,1,0,0.5700000000000001,0,2023-wimbledon-1103,0
-15,0,0,1,0,1,1.0,25.696,1,0,-1.66,1,2023-wimbledon-1103,1
0,1,0,1,0,1,1.0,5.925,1,1,0.009999999999999981,1,2023-wimbledon-1103,1
10,1,0,1,0,1,1.0,1.853,1,0,2.5500000000000003,1,2023-wimbledon-1103,0
0,1,0,0,0,0,0.0,70.34,0,1,2.64,0,2023-wimbledon-1103,1
-15,0,0,0,0,0,0.0,4.856,0,0,3.3099999999999987,1,2023-wimbledon-1103,1
0,1,0,0,0,0,0.0,13.589,0,0,2.9799999999999995,1,2023-wimbledon-1103,1
15,1,0,0,0,0,0.0,24.458,0,1,3.0100000000000002,0,2023-wimbledon-1103,0
0,1,0,0,0,0,0.0,0.886,0,1,0.09000000000000008,0,2023-wimbledon-1103,0
-10,0,0,0,0,0,0.0,1.079,0,1,0.0900000000000003,0,2023-wimbledon-1103,0
0,1,1,1,1,1,0.0,2.442,1,0,-1.21,0,2023-wimbledon-1103,0
-15,0,1,1,1,1,0.0,8.782,1,1,-3.4899999999999993,1,2023-wimbledon-1103,0
0,1,1,1,1,1,0.0,0.569,1,1,-1.2599999999999998,1,2023-wimbledon-1103,0
15,1,1,1,1,1,0.0,22.364,1,1,1.02,1,2023-wimbledon-1103,1
25,1,1,1,1,1,0.0,7.421,1,1,2.55,0,2023-wimbledon-1103,0
10,1,1,1,1,1,0.0,0.878,1,1,2.8199999999999994,1,2023-wimbledon-1103,0
0,1,0,1,0,1,1.0,26.715,0,0,2.51,0,2023-wimbledon-1103,0
-15,0,0,1,0,1,1.0,14.471,0,1,0.41,0,2023-wimbledon-1103,1
-30,0,0,1,0,1,1.0,12.978,0,1,-1.65,1,2023-wimbledon-1103,0
-15,0,0,1,0,1,1.0,48.361,0,0,0.8300000000000001,1,2023-wimbledon-1103,0
0,1,0,1,0,1,1.0,13.114,0,1,0.0400000000000002,0,2023-wimbledon-1103,0
-10,0,0,1,0,1,1.0,9.029,0,0,0.09000000000000008,0,2023-wimbledon-1103,0
0,1,1,1,0,0,1.0,7.917,1,1,0.6700000000000004,1,2023-wimbledon-1103,0
15,1,1,1,0,0,1.0,3.617,1,0,0.8400000000000001,0,2023-wimbledon-1103,0
0,1,1,1,0,0,1.0,16.002,1,1,-1.39,1,2023-wimbledon-1103,0
15,1,1,1,0,0,1.0,18.753,1,0,0.8400000000000001,1,2023-wimbledon-1103,0
25,1,1,1,0,0,1.0,0.835,1,1,2.5500000000000003,1,2023-wimbledon-1103,0
0,1,0,1,0,1,0.0,49.524,0,0,2.6,1,2023-wimbledon-1103,1
15,1,0,1,0,1,0.0,12.593,0,1,5.479999999999999,1,2023-wimbledon-1103,0
30,1,0,1,0,1,0.0,9.228,0,0,5.96,1,2023-wimbledon-1103,1
40,1,0,1,0,1,0.0,28.985,0,0,6.44,0,2023-wimbledon-1103,0
25,1,0,1,0,1,0.0,2.068,0,1,3.5300000000000002,0,2023-wimbledon-1103,0
10,1,0,1,0,1,0.0,20.181,0,0,0.0900000000000003,0,2023-wimbledon-1103,1
0,1,0,1,0,1,0.0,46.242,0,0,-1.97,0,2023-wimbledon-1103,0
-10,0,0,1,0,1,0.0,10.321,0,0,-4.0,0,2023-wimbledon-1103,0
0,1,1,1,1,1,0.6666666666666666,10.172,1,1,-3.4699999999999998,0,2023-wimbledon-1103,0
-15,0,1,1,1,1,0.6666666666666666,18.204,1,0,-3.67,0,2023-wimbledon-1103,1
-30,0,1,1,1,1,0.6666666666666666,4.36,1,1,-3.92,1,2023-wimbledon-1103,0
-15,0,1,1,1,1,0.6666666666666666,0.72,1,1,-1.69,1,2023-wimbledon-1103,0
0,1,1,1,1,1,0.6666666666666666,9.56,1,1,0.060000000000000206,1,2023-wimbledon-1103,0
10,1,1,1,1,1,0.6666666666666666,17.576,1,0,2.55,0,2023-wimbledon-1103,0
0,1,1,1,1,1,0.6666666666666666,4.812,1,1,2.869999999999999,1,2023-wimbledon-1103,0
10,1,1,1,1,1,0.6666666666666666,26.822,1,1,2.54,1,2023-wimbledon-1103,0
0,1,0,0,0,1,0.0,10.075,0,0,2.5500000000000003,0,2023-wimbledon-1103,0
-15,0,0,0,0,1,0.0,18.346,0,0,0.44,1,2023-wimbledon-1103,0
0,1,0,0,0,1,0.0,6.391,0,0,2.8699999999999997,0,2023-wimbledon-1103,0
-15,0,0,0,0,1,0.0,10.424,0,1,0.8400000000000001,0,2023-wimbledon-1103,0
-25,0,0,0,0,1,0.0,9.449,0,1,-2.07,0,2023-wimbledon-1103,0
0,1,1,1,1,1,1.0,3.834,1,0,-1.44,0,2023-wimbledon-1103,0
-15,0,1,1,1,1,1.0,0.775,1,1,-3.7199999999999998,1,2023-wimbledon-1103,0
0,1,1,1,1,1,1.0,4.167,1,1,-1.4699999999999998,0,2023-wimbledon-1103,0
-15,0,1,1,1,1,1.0,4.965,1,1,-1.67,1,2023-wimbledon-1103,0
0,1,1,1,1,1,1.0,2.089,1,1,-0.020000000000000046,1,2023-wimbledon-1103,0
10,1,1,1,1,1,1.0,36.162,1,0,2.52,0,2023-wimbledon-1103,1
0,1,1,1,1,1,1.0,12.783,1,1,-0.009999999999999967,1,2023-wimbledon-1103,1
10,1,1,1,1,1,1.0,3.721,1,0,2.4699999999999993,1,2023-wimbledon-1103,1
0,1,0,0,0,0,0.0,107.414,0,0,2.5,1,2023-wimbledon-1103,1
15,1,0,0,0,0,0.0,4.541,0,1,2.53,0,2023-wimbledon-1103,1
0,1,0,0,0,0,0.0,5.518,0,1,3.249999999999999,0,2023-wimbledon-1103,0
-15,0,0,0,0,0,0.0,30.167,0,1,0.8900000000000001,0,2023-wimbledon-1103,1
-25,0,0,0,0,0,0.0,4.843,0,0,-1.97,1,2023-wimbledon-1103,0
-10,0,0,0,0,0,0.0,20.837,0,0,-1.97,1,2023-wimbledon-1103,0
0,1,0,0,0,0,0.0,1.241,0,1,0.09000000000000002,0,2023-wimbledon-1103,0
-10,0,0,0,0,0,0.0,14.685,0,1,0.09000000000000008,1,2023-wimbledon-1103,0
0,1,0,0,0,0,0.0,9.393,0,0,2.12,1,2023-wimbledon-1103,1
10,1,0,0,0,0,0.0,28.661,0,0,2.15,1,2023-wimbledon-1103,1
0,1,0,1,1,1,0.6666666666666666,24.574,1,1,3.9999999999999996,1,2023-wimbledon-1103,0
15,1,0,1,1,1,0.6666666666666666,104.632,1,0,6.88,0,2023-wimbledon-1103,1
0,1,0,1,1,1,0.6666666666666666,6.252,1,1,4.98,1,2023-wimbledon-1103,1
15,1,0,1,1,1,0.6666666666666666,76.357,1,0,4.69,0,2023-wimbledon-1103,0
0,1,0,1,1,1,0.6666666666666666,0.864,1,0,-0.009999999999999967,0,2023-wimbledon-1103,1
-10,0,0,1,1,1,0.6666666666666666,11.921,1,1,-2.5199999999999996,1,2023-wimbledon-1103,1
0,1,0,1,1,1,0.6666666666666666,70.795,1,1,-0.04000000000000006,0,2023-wimbledon-1103,1
-10,0,0,1,1,1,0.6666666666666666,26.142,1,0,-2.4699999999999998,1,2023-wimbledon-1103,0
0,1,0,1,1,1,0.6666666666666666,1.939,1,1,0.009999999999999981,1,2023-wimbledon-1103,0
10,1,0,1,1,1,0.6666666666666666,90.923,1,0,2.5500000000000003,1,2023-wimbledon-1103,0
